{"cameraMode":{"drawMode":0,"name":"Shaded","section":"Shading Mode"},"sceneLighting":false,"audioPlay":false,"sceneViewState":{"m_AlwaysRefresh":false,"showFog":true,"showSkybox":true,"showFlares":true,"showImageEffects":true,"showParticleSystems":true,"showVisualEffectGraphs":true,"m_FxEnabled":true},"in2DMode":false,"pivot":{"x":-2.6155178546905519,"y":1.473885178565979,"z":7.9437432289123539},"rotation":{"x":0.0026449505239725115,"y":0.7902963161468506,"z":0.003469336312264204,"w":-0.6130636930465698},"size":1.1612831354141236,"orthographic":false}