{"cameraMode":{"drawMode":0,"name":"Shaded","section":"Shading Mode"},"sceneLighting":true,"audioPlay":false,"sceneViewState":{"m_AlwaysRefresh":false,"showFog":true,"showSkybox":true,"showFlares":true,"showImageEffects":true,"showParticleSystems":true,"showVisualEffectGraphs":true,"m_FxEnabled":true},"in2DMode":false,"pivot":{"x":-5.362704753875732,"y":6.604856014251709,"z":-18.976411819458009},"rotation":{"x":-0.008233143948018551,"y":-0.9914858937263489,"z":-0.08066175878047943,"w":0.10285789519548416},"size":13.781228065490723,"orthographic":false}