{"cameraMode":{"drawMode":0,"name":"Shaded","section":"Shading Mode"},"sceneLighting":false,"audioPlay":false,"sceneViewState":{"m_AlwaysRefresh":false,"showFog":true,"showSkybox":false,"showFlares":true,"showImageEffects":true,"showParticleSystems":true,"showVisualEffectGraphs":true,"m_FxEnabled":true},"in2DMode":false,"pivot":{"x":10.419224739074707,"y":-1.4995670318603516,"z":8.408684730529786},"rotation":{"x":0.7193651795387268,"y":0.02186586894094944,"z":-0.022667361423373224,"w":0.6939231157302856},"size":16.819093704223634,"orthographic":true}