{"cameraMode":{"drawMode":0,"name":"Shaded","section":"Shading Mode"},"sceneLighting":false,"audioPlay":false,"sceneViewState":{"m_AlwaysRefresh":false,"showFog":true,"showSkybox":false,"showFlares":true,"showImageEffects":true,"showParticleSystems":true,"showVisualEffectGraphs":true,"m_FxEnabled":true},"in2DMode":false,"pivot":{"x":1.6111236810684205,"y":15.043619155883789,"z":-0.8094921708106995},"rotation":{"x":0.6642860174179077,"y":-0.021293360739946367,"z":0.018937399610877038,"w":0.7469373941421509},"size":8.174444198608399,"orthographic":true}